form	lemma	POS	morph
༄༅། །		PUNCT
ཐེག་པ་	ཐེག་པ་	NOUN
ཆེན་པོ་	ཆེན་པོ་	ADJ
འི་	གི་	PART
བློ་སྦྱོང་	བློ་སྦྱོང་	OTHER
གི་	གི་	PART
སྨོན་ལམ་	སྨོན་ལམ་	NOUN
བྱང་ཆུབ་	བྱང་ཆུབ་	NOUN
ལམ་བཟང་	ལམ་བཟང་	OTHER
ཞེ་	ཅེས་	PART
བྱ་བ་	བྱ་བ་	VERB
བཞུགས་	བཞུགས་	VERB
སོ་	གོ་	PART
། །		PUNCT
བླ་མ་	བླ་མ་	NOUN
ལ་	ལ་	PART
ཕྱག་	ཕྱག་	NOUN
འཚལ་	འཚལ་	VERB
ལོ་	གོ་	PART
། །		PUNCT
འགྲོ་	འགྲོ་	VERB
ལ་	ལ་	PART
ཐུགས་	ཐུགས་	NOUN
བརྩེ་	བརྩེ་	NO_POS
དུས་	དུས་	NOUN
ལས་མི་	ལས་མི་	NOUN
ཡོལ་བ་	ཡོལ་བ་	NOUN
འི་	གི་	PART
། །		PUNCT
རྒྱལ་བ་	རྒྱལ་བ་	NOUN
སྲ་	སྲ་	NOUN
བཅའ་	བཅའ་	VERB
བདག་	བདག་	PRON
ལ་	ལ་	PART
དགོངས་	དགོངས་	VERB
སུ་	ལ་	PART
གསོལ་	གསོལ་	VERB
"།
།"		PUNCT
སྙིང་	སྙིང་	NOUN
ན་	ནས་	PART
ཁྱེད་	ཁྱེད་	PRON
ཀྱི་	གི་	PART
རྗེས་སུ་	རྗེས་སུ་	OTHER
སློབ་པ་	སློབ་པ་	VERB
འི་	གི་	PART
ཕྱི་	ཕྱི་	OTHER
། །		PUNCT
སྨོན་པ་	སྨོན་པ་	VERB
འདི་དག་	འདི་དག་	NO_POS
འགྲུབ་པ་	འགྲུབ་པ་	VERB
ར་	ལ་	PART
བྱིན་	བྱིན་	VERB
གྱིས་	གིས་	PART
རློབས་	རློབས་	VERB
། །		PUNCT
མཐའ་	མཐའ་	NOUN
ཡ་		
འགྲོ་	འགྲོ་	VERB
ལ་	ལ་	PART
དམིགས་པ་	དམིགས་པ་	VERB
འི་	གི་	PART
སྙིང་རྗེ་	སྙིང་རྗེ་	NOUN
དང་	དང་	NO_POS
། །		PUNCT
ཤེ་	ཤེ་	VERB
ན་	ནས་	PART
དད་པ་	དད་པ་	VERB
ཐོབ་པ་	ཐོབ་པ་	VERB
འི་	གི་	PART
མོས་གུས་	མོས་གུས་	NOUN
ཀྱིས་	གིས་	PART
། །		PUNCT
བྱང་ཆུབ་	བྱང་ཆུབ་	NOUN
བ་	བ་	NOUN
དུ་	ལ་	PART
བླ་མ་	བླ་མ་	NOUN
དཀོན་མཆོག་	དཀོན་མཆོག་	NOUN
ལ་	ལ་	PART
"།
།"		PUNCT
ཁྱེད་	ཁྱེད་	PRON
ཤེ་	ཤེ་	VERB
བློ་	བློ་	NOUN
ཡི་	གིས་	PART
སྐྱབས་	སྐྱབས་	NOUN
སུ་	ལ་	PART
འགྲོ་བ་	འགྲོ་བ་	VERB
ར་	ལ་	PART
ཤོག་	ཤོག་	VERB
།		PUNCT
རྙེད་	རྙེད་	VERB
དཀ་	དཀའ་	VERB
འི་	གི་	PART
ལུས་	ལུས་	NOUN
འདི་	འདི་	DET
ཡུན་རིང་	ཡུན་རིང་	NOUN
མི་	མི་	PART
སྡོད་	སྡོད་	VERB
ཅིང་	ཅིང་	PART
། །		PUNCT
གང་	གང་	NO_POS
དུ་	ལ་	PART
སྐྱེ་	སྐྱེ་	VERB
ཀྱང་	ཀྱང་	PART
བདེ་བ་	བདེ་བ་	VERB
འི་	གི་	PART
སྐབས་མེད་	སྐབས་མེད་	NO_POS
ལ་	ལ་	PART
། །		PUNCT
དགེ་སྡིག་	དགེ་སྡིག་	NOUN
ལས་འབྲས་	ལས་འབྲས་	NOUN
བསླུ་བ་	བསླུ་བ་	VERB
མེད་	མེད་	VERB
མཐོང་	མཐོང་	VERB
ན་	ནས་	PART
"།
།"		PUNCT
སྙིང་	སྙིང་	NOUN
ན་	ནས་	PART
དམ་པ་	དམ་པ་	VERB
འི་	གི་	PART
ཆོ་	ཆོ་	NOUN
ལ་	ལ་	PART
འཇུག་པ་	འཇུག་པ་	VERB
ར་	ལ་	PART
ཤོག་	ཤོག་	VERB
།		PUNCT
སྲིད་པ་	སྲིད་པ་	VERB
འི་	གི་	PART
ཟུག་རྔུ་	ཟུག་རྔུ་	NOUN
ཐམས་ཅད་	ཐམས་ཅད་	DET
འབྱིན་པ་	འབྱིན་པ་	VERB
འི་	གི་	PART
སྨན་	སྨན་	NOUN
། །		PUNCT
མ་	མ་	PART
ལུས་	ལུས་	NOUN
འགྲོ་བ་	འགྲོ་བ་	VERB
འི་	གི་	PART
ཕན་བདེ་	ཕན་བདེ་	OTHER
མཆོག་	མཆོག་	ADJ
གི་	གི་	PART
གཏེར་	གཏེར་	NOUN
། །		PUNCT
རྒྱལ་བ་	རྒྱལ་བ་	NOUN
སྲ་	སྲ་	NOUN
བཅའ་	བཅའ་	VERB
སྐྱེད་བྱེད་	སྐྱེད་བྱེད་	NOUN
བྱམས་པ་	བྱམས་པ་	PROPN
འི་	གི་	PART
ཡུམ་	ཡུམ་	NOUN
"།
།"		PUNCT
བྱང་ཆུབ་	བྱང་ཆུབ་	NOUN
སེམས་	སེམས་	NOUN
ལ་	ལ་	PART
ཡིད་ཆེས་	ཡིད་ཆེས་	NOUN
བརྟན་པ་	བརྟན་པ་	VERB
ར་	ལ་	PART
ཤོག་	ཤོག་	VERB
།		PUNCT
ཅི་ཙམ་	ཅི་ཙམ་	NO_POS
འབྱོར་	འབྱོར་	VERB
ཡང་	ཀྱང་	PART
རློམས་པ་	རློམས་པ་	NO_POS
མི་	མི་	PART
སྐྱེ་	སྐྱེ་	NOUN
ཞིང་	ཅིང་	PART
། །		PUNCT
ཤིན་ཏུ་	ཤིན་ཏུ་	NO_POS
རྒུད་	རྒུད་	VERB
ཀྱང་	ཀྱང་	PART
ཞུམ་པ་	ཞུམ་པ་	VERB
མི་	མི་	PART
འབྱུང་བ་	འབྱུང་བ་	VERB
འི་	གི་	PART
། །		PUNCT
རྒྱལ་བ་	རྒྱལ་བ་	NOUN
འི་	གི་	PART
སྲ་	སྲ་	NOUN
ཀྱི་	གི་	PART
བློ་སྟོབས་	བློ་སྟོབས་	NOUN
རྒྱ་ཆེ་བ་	རྒྱ་ཆེ་བ་	NO_POS
"།
།"		PUNCT
བདག་	བདག་	PRON
གི་	གི་	PART
སྙིང་	སྙིང་	NOUN
ལ་	ལ་	PART
ངེས་པ་		
འབྱུང་བ་	འབྱུང་བ་	VERB
ར་	ལ་	PART
ཤོག་	ཤོག་	VERB
།		PUNCT
གསུང་རབ་	གསུང་རབ་	NOUN
ཀུན་	ཀུན་	DET
གྱི་	གི་	PART
བརྗོད་བྱ་	བརྗོད་བྱ་	NOUN
འི་	གི་	PART
སྙིང་པོ་	སྙིང་པོ་	NOUN
འི་	གི་	PART
དོན་	དོན་	NOUN
། །		PUNCT
རྒྱལ་སྲས་	རྒྱལ་སྲས་	NOUN
ཡོངས་	ཡོངས་	DET
ཀྱི་	གི་	PART
བསྒྲོད་པ་	བསྒྲོད་པ་	VERB
གཅིག་པུ་	གཅིག་པུ་	ADJ
འི་	གི་	PART
ལམ་	གམ་	PART
། །		PUNCT
སངས་རྒྱས་	སངས་རྒྱས་	NOUN
ཀུན་	ཀུན་	DET
གྱི་	གི་	PART
བླ་མ་	བླ་མ་	NOUN
བྱང་ཆུབ་	བྱང་ཆུབ་	NOUN
སེམས་	སེམས་	NOUN
"།
།"		PUNCT
མྱུར་	མྱུར་	VERB
དུ་	ལ་	PART
བདག་	བདག་	PRON
གི་	གི་	PART
རྒྱུད་	རྒྱུད་	NOUN
ལ་	ལ་	PART
སྐྱེ་བ་	སྐྱེ་བ་	VERB
ར་	ལ་	PART
ཤོག་	ཤོག་	VERB
།		PUNCT
སེམས་	སེམས་	NOUN
སྣང་	སྣང་	VERB
འཁྲུལ་པ་	འཁྲུལ་པ་	NO_POS
རྨི་ལམ་	རྨི་ལམ་	NOUN
ལྟ་བུ་	ལྟ་བུ་	NOUN
འི་	གི་	PART
ཆོ་	ཆོ་	NOUN
། །		PUNCT
སྐྱེ་	སྐྱེ་	NOUN
མེད་	མེད་	VERB
སྤྲོས་	སྤྲོས་	VERB
དང་	དང་	NO_POS
བྲལ་བ་	བྲལ་བ་	VERB
ར་	ལ་	PART
ལེགས་	ལེགས་	VERB
མཐོང་	མཐོང་	VERB
ན་	ནས་	PART
། །		PUNCT
རྗེས་ཐོབ་	རྗེས་ཐོབ་	NOUN
སྒྱུ་མ་	སྒྱུ་མ་	NOUN
ལྟ་བུ་	ལྟ་བུ་	NOUN
འི་	གི་	PART
ཏིང་འཛིན་	ཏིང་འཛིན་	NOUN
གྱིས་	གིས་	PART
"།
།"		PUNCT
འཁྲུལ་སྣང་	འཁྲུལ་སྣང་	OTHER
འགྲོ་བ་	འགྲོ་བ་	VERB
འི་	གི་	PART
དོན་	དོན་	NOUN
ཆེན་	ཆེན་	NO_POS
བྱེད་པ་	བྱེད་པ་	VERB
ར་	ལ་	PART
ཤོག་	ཤོག་	VERB
།		PUNCT
ཡང་ཡང་	ཡང་ཡང་	NO_POS
ཕན་	ཕན་	NOUN
བཏགས་	བཏགས་	VERB
དྲིན་	དྲིན་	NOUN
གྱིས་	གིས་	PART
བསྐྱངས་པ་	བསྐྱངས་པ་	VERB
འི་	གི་	PART
གཉེན་	གཉེན་	NOUN
། །		PUNCT
སྡུག་བསྔལ་	སྡུག་བསྔལ་	NOUN
རྒྱ་མཚོ་	རྒྱ་མཚོ་	NOUN
ར་	ལ་	PART
བྱིང་བ་	བྱིང་བ་	VERB
འདི་	འདི་	DET
མཐོང་	མཐོང་	VERB
ན་	ནས་	PART
། །		PUNCT
བུ་སྡུག་	བུ་སྡུག་	NO_POS
ཆུ་	ཆུ་	NOUN
ཡི་	གིས་	PART
ཁྱེར་བ་	ཁྱེར་བ་	VERB
འི་	གི་	PART
མ་	མ་	PART
བཞིན་	བཞིན་	NOUN
དུ་	ལ་	PART
"།
།"		PUNCT
འགྲོ་བ་	འགྲོ་བ་	VERB
ཀུན་	ཀུན་	DET
ལ་	ལ་	PART
བྱམས་བརྩེ་	བྱམས་བརྩེ་	OTHER
ས་	གིས་	PART
ཁྱབ་པ་	ཁྱབ་པ་	VERB
ར་	ལ་	PART
ཤོག་	ཤོག་	VERB
།		PUNCT
ཐོག་མེད་	ཐོག་མེད་	PROPN
དུས་	དུས་	NOUN
ན་	ནས་	PART
ཕ་མ་	ཕ་མ་	NOUN
ར་	ལ་	PART
གྱུར་པ་	གྱུར་པ་	VERB
ཡི་	གི་	PART
། །		PUNCT
འགྲོ་བ་	འགྲོ་བ་	VERB
འི་	གི་	PART
སྡིག་	སྡིག་	NOUN
སྡུག་	སྡུག་	VERB
རང་	རང་	PRON
ལ་	ལ་	PART
ལེན་པ་	ལེན་པ་	VERB
དང་	དང་	NO_POS
། །		PUNCT
བདག་	བདག་	PRON
གི་	གི་	PART
བདེ་	བདེ་	VERB
དགེ་	དགེ་	NOUN
གཞན་	གཞན་	DET
ལ་	ལ་	PART
སྟེར་བ་	སྟེར་བ་	VERB
ཡི་	གི་	PART
"།
།"		PUNCT
མཆོག་	མཆོག་	ADJ
ཏུ་	ལ་	PART
བསྟན་པ་	བསྟན་པ་	VERB
འི་	གི་	PART
ལྷག་བསམ་	ལྷག་བསམ་	NOUN
འབར་བ་	འབར་བ་	VERB
ར་	ལ་	PART
ཤོག་	ཤོག་	VERB
།		PUNCT
མ་རིག་	མ་རིག་	NOUN
ཆགས་སྡང་	ཆགས་སྡང་	NOUN
ཉོན་མོངས་	ཉོན་མོངས་	NOUN
འཕེལ་བ་	འཕེལ་བ་	VERB
འི་	གི་	PART
གཞི་	གཞི་	NOUN
། །		PUNCT
དགྲ་གཉེན་	དགྲ་གཉེན་	NOUN
བར་མ་	བར་མ་	ADJ
འི་	གི་	PART
སྣང་བ་	སྣང་བ་	VERB
གང་	གང་	NO_POS
ཤ་	ཤ་	VERB
ཡང་	ཀྱང་	PART
། །		PUNCT
འབར་བ་	འབར་བ་	VERB
འི་	གི་	PART
མེ་	མེ་	NOUN
ལ་	ལ་	PART
བུད་ཤིང་	བུད་ཤིང་	NOUN
བསྣན་པ་	བསྣན་པ་	VERB
བཞིན་	བཞིན་	NOUN
"།
།"		PUNCT
བྱང་ཆུབ་	བྱང་ཆུབ་	NOUN
སེམས་	སེམས་	NOUN
ཀྱི་	གི་	PART
གྲོག་	གྲོག་	NOUN
སུ་	ལ་	PART
འགྲོ་བ་	འགྲོ་བ་	VERB
ར་	ལ་	PART
ཤོག་	ཤོག་	VERB
།		PUNCT
འཆིང་	འཆིང་	NO_POS
བྱེད་	བྱེད་	VERB
འཁོར་བ་	འཁོར་བ་	NOUN
འི་	གི་	PART
ཉོན་མོངས་	ཉོན་མོངས་	NOUN
ཀུན་	ཀུན་	DET
གྱི་	གི་	PART
རྒྱུ་	རྒྱུ་	NOUN
། །		PUNCT
ལས་ངན་	ལས་ངན་	NOUN
སྡུག་བསྔལ་	སྡུག་བསྔལ་	NOUN
སྣ་ཚོགས་	སྣ་ཚོགས་	DET
འབྱུང་བ་	འབྱུང་བ་	VERB
འི་	གི་	PART
གནས་	གནས་	NOUN
། །		PUNCT
བྱང་ཆུབ་	བྱང་ཆུབ་	NOUN
ལམ་	གམ་	PART
ལ་བ་	ལ་བ་	NOUN
ར་	ལ་	PART
དུ་	ལ་	PART
གཅོད་པ་	གཅོད་པ་	VERB
འི་	གི་	PART
བདུད་	བདུད་	NOUN
"།
།"		PUNCT
བདག་ཉིད་	བདག་ཉིད་	NOUN
གཅེས་འཛིན་	གཅེས་འཛིན་	NOUN
རྩད་	རྩད་	NOUN
ན་	ནས་	PART
ཐོན་པ་	ཐོན་པ་	VERB
ར་	ལ་	PART
ཤོག་	ཤོག་	VERB
།		PUNCT
ལ་	ལ་	ADP
ས་	གིས་	PART
ཀྱིས་	གིས་	PART
བདུད་རྩི་	བདུད་རྩི་	NOUN
རྣག་	རྣག་	NOUN
ཏུ་	ལ་	PART
སྣང་བ་	སྣང་བ་	VERB
བཞིན་	བཞིན་	NOUN
། །		PUNCT
གཞན་སྐྱོན་	གཞན་སྐྱོན་	NO_POS
མཐོང་བ་	མཐོང་བ་	VERB
རང་སྣང་	རང་སྣང་	NO_POS
མ་	མ་	PART
དག་པ་	དག་པ་	VERB
ར་	ལ་	PART
། །		PUNCT
ཤེ་	ཤེ་	VERB
ན་	ནས་	PART
བདེ་ལེགས་	བདེ་ལེགས་	NOUN
ཡོན་ཏན་	ཡོན་ཏན་	NOUN
རྒྱ་མཚོ་	རྒྱ་མཚོ་	NOUN
ཡི་	གིས་	PART
"།
།"		PUNCT
འབྱུང་གནས་	འབྱུང་གནས་	NOUN
འགྲོ་བ་	འགྲོ་བ་	VERB
གཞན་	གཞན་	DET
ལ་	ལ་	PART
གུས་པ་	གུས་པ་	VERB
ར་	ལ་	PART
ཤོག་	ཤོག་	VERB
།		PUNCT
སྡུག་བསྔལ་	སྡུག་བསྔལ་	NOUN
བརྙེས་	བརྙེས་	NO_POS
དང་	དང་	NO_POS
གཏམ་ངན་	གཏམ་ངན་	NOUN
ལ་སོགས་པ་	ལ་སོགས་པ་	NO_POS
། །		PUNCT
མི་	མི་	PART
འདོད་	འདོད་	VERB
སྣ་ཚོགས་	སྣ་ཚོགས་	DET
ཐོག་	ཐོག་	NOUN
ཏུ་	ལ་	PART
བབ་	བབ་	VERB
ན་	ལ་	PART
ཡང་	ཀྱང་	PART
། །		PUNCT
རྒྱལ་སྲས་	རྒྱལ་སྲས་	NOUN
སྤྱོད་པ་	སྤྱོད་པ་	VERB
འི་	གི་	PART
གྲོག་	གྲོག་	NOUN
སུ་	ལ་	PART
མཐོང་	མཐོང་	VERB
ན་	ནས་	PART
ནི་	ནི་	NO_POS
"།
།"		PUNCT
རབ་དག་	རབ་དགའ་	PROPN
འི་	གི་	PART
སེམས་	སེམས་	NOUN
ཀྱིས་	གིས་	PART
དང་	དང་	NO_POS
དུ་	ལ་	PART
ལེན་པ་	ལེན་པ་	VERB
ར་	ལ་	PART
ཤོག་	ཤོག་	VERB
།		PUNCT
སྲིད་པ་	སྲིད་པ་	VERB
འི་	གི་	PART
ཕུན་ཚོགས་	ཕུན་ཚོགས་	ADJ
རྨི་ལམ་	རྨི་ལམ་	NOUN
ལྟ་བུ་	ལྟ་བུ་	NOUN
འི་	གི་	PART
ཆོ་	ཆོ་	NOUN
། །		PUNCT
འབྱོར་	འབྱོར་	VERB
ཡང་	ཀྱང་	PART
དེ་	སྟེ་	PART
ལ་	ལ་	PART
ཞེན་པ་	ཞེན་པ་	VERB
མི་	མི་	PART
སྐྱེ་	སྐྱེ་	NOUN
ཞིང་	ཅིང་	PART
། །		PUNCT
གཞན་	གཞན་	DET
ལ་	ལ་	PART
ཕན་པ་	ཕན་པ་	VERB
འི་	གི་	PART
ཐབས་	ཐབས་	NOUN
སུ་	ལ་	PART
མཐོང་བ་	མཐོང་བ་	VERB
ན་	ལ་	PART
"།
།"		PUNCT
ལུས་སྲོག་	ལུས་སྲོག་	NOUN
གཏོང་	གཏོང་	VERB
ལ་	ལ་	PART
ཞུམ་པ་	ཞུམ་པ་	VERB
མེད་པ་	མེད་པ་	VERB
ར་	ལ་	PART
ཤོག་	ཤོག་	VERB
།		PUNCT
རང་	རང་	PRON
གིས་	གིས་	PART
ཡུན་རིང་	ཡུན་རིང་	NOUN
གཅེས་པ་	གཅེས་པ་	VERB
ར་	ལ་	PART
བསྐྱངས་པ་	བསྐྱངས་པ་	VERB
འི་	གི་	PART
མི་	མི་	PART
ས་	གིས་	PART
། །		PUNCT
རང་	རང་	PRON
ལ་	ལ་	PART
དགྲ་	དགྲ་	NOUN
བཞིན་	བཞིན་	NOUN
ལྟ་བ་	ལྟ་བ་	VERB
ར་	ལ་	PART
བྱེད་	བྱེད་	VERB
ན་	ལ་	PART
ཡང་	ཀྱང་	PART
། །		PUNCT
སླར་ཡང་	སླར་ཡང་	OTHER
བརྩེ་བ་	བརྩེ་བ་	VERB
ས་	གིས་	PART
གནས་སྐབས་	གནས་སྐབས་	NOUN
མཐར་ཐུག་	མཐར་ཐུག་	NOUN
གི་	གི་	PART
"།
།"		PUNCT
དེ་	སྟེ་	PART
ཡི་	གི་	PART
ཕན་བདེ་	ཕན་བདེ་	OTHER
བདག་	བདག་	PRON
གིས་	གིས་	PART
སྤེལ་བ་	སྤེལ་བ་	VERB
ར་	ལ་	PART
ཤོག་	ཤོག་	VERB
།		PUNCT
ཤ་ཁྲག་	ཤ་ཁྲག་	NOUN
ལ་	ལ་	PART
དགའ་	དགའ་	VERB
འབྱུང་པོ་	འབྱུང་པོ་	NOUN
འི་	གི་	PART
ཚོགས་	ཚོགས་	NOUN
རྣམས་	རྣམས་	DET
ཀྱིས་	གིས་	PART
། །		PUNCT
སྒྱུ་མ་	སྒྱུ་མ་	NOUN
འི་	གི་	PART
ལུས་	ལུས་	NOUN
འདི་	འདི་	DET
ཟ་བ་	ཟ་བ་	VERB
ར་	ལ་	PART
བྱེད་	བྱེད་	VERB
ན་	ལ་	PART
ཡང་	ཀྱང་	PART
། །		PUNCT
རང་	རང་	PRON
ལ་	ལ་	PART
གཅེས་འཛིན་	གཅེས་འཛིན་	NOUN
རྟོག་པ་	རྟོག་པ་	VERB
མི་	མི་	PART
གཡོ་	གཡོ་	VERB
ཞིང་	ཅིང་	PART
"།
།"		PUNCT
བརྩེ་བ་	བརྩེ་བ་	VERB
ས་	གིས་	PART
དེ་	སྟེ་	PART
ལ་	ལ་	PART
ཕན་	ཕན་	NOUN
ཐོགས་	ཐོགས་	VERB
ནུས་པ་	ནུས་པ་	VERB
ར་	ལ་	PART
ཤོག་	ཤོག་	VERB
།		PUNCT
གདོད་	གདོད་	NO_POS
ན་	ནས་	PART
ཞི་བ་	ཞི་བ་	VERB
སེམས་	སེམས་	NOUN
ཀྱི་	གི་	PART
ཆོས་ཉིད་	ཆོས་ཉིད་	NOUN
ལ་	ལ་	ADP
ས་	གིས་	PART
། །		PUNCT
སྣ་ཚོགས་	སྣ་ཚོགས་	DET
ཆོ་	ཆོ་	NOUN
ཀུན་	ཀུན་	DET
གཡོ་བ་	གཡོ་བ་	VERB
མེད་	མེད་	VERB
མཐོང་	མཐོང་	VERB
ན་	ནས་	PART
། །		PUNCT
འཁྲུལ་སྣང་	འཁྲུལ་སྣང་	OTHER
རྐྱེན་ངན་	རྐྱེན་ངན་	NOUN
ཆུ་ཟླ་	ཆུ་ཟླ་	NOUN
འི་	གི་	PART
རྫུན་	རྫུན་	NOUN
རི་	རི་	NOUN
ཀྱིས་	གིས་	PART
"།
།"		PUNCT
ཆོས་ཉིད་	ཆོས་ཉིད་	NOUN
དོན་	དོན་	NOUN
ལ་	ལ་	PART
གསལ་སྣང་	གསལ་སྣང་	PROPN
འདྲེན་པ་	འདྲེན་པ་	VERB
ར་	ལ་	PART
ཤོག་	ཤོག་	VERB
།		PUNCT
གནོད་	གནོད་	VERB
བྱེད་	བྱེད་	VERB
ཐམས་ཅད་	ཐམས་ཅད་	DET
དགེ་བ་	དགེ་བ་	VERB
འི་	གི་	PART
བཤེས་	བཤེས་	VERB
སུ་	ལ་	PART
མཐོང་	མཐོང་	VERB
། །		PUNCT
སྡུག་བསྔལ་	སྡུག་བསྔལ་	NOUN
ཐམས་ཅད་	ཐམས་ཅད་	DET
སེམས་	སེམས་	NOUN
ཀྱི་	གི་	PART
རྒྱན་	རྒྱན་	NOUN
དུ་	ལ་	PART
རིག་	རིག་	VERB
།		PUNCT
འགལ་རྐྱེན་	འགལ་རྐྱེན་	NOUN
ཐམས་ཅད་	ཐམས་ཅད་	DET
དགེ་བ་	དགེ་བ་	VERB
འི་	གི་	PART
བསྐུལ་མ་	བསྐུལ་མ་	NOUN
རུ་	ལ་	PART
"།
།"		PUNCT
མཐོང་	མཐོང་	VERB
ན་	ནས་	PART
རྐྱེན་ངན་	རྐྱེན་ངན་	NOUN
ལམ་	གམ་	PART
དུ་	ལ་	PART
ལོངས་པ་	ལོངས་པ་	VERB
ར་	ལ་	PART
ཤོག་	ཤོག་	VERB
།		PUNCT
རང་	རང་	PRON
བདེ་	བདེ་	VERB
དོན་གཉེར་	དོན་གཉེར་	NOUN
རང་	རང་	PRON
གི་	གི་	PART
དགྲ་བོ་	དགྲ་བོ་	NOUN
ར་	ལ་	PART
ཤེ་	ཤེ་	VERB
། །		PUNCT
ཐ་མལ་	ཐ་མལ་	ADJ
དགྲ་བོ་	དགྲ་བོ་	NOUN
བྱང་ཆུབ་	བྱང་ཆུབ་	NOUN
གྲོག་	གྲོག་	NOUN
སུ་	ལ་	PART
ཤ་	ཤ་	VERB
། །		PUNCT
ན་ཚ་	ན་ཚ་	NOUN
སྡུག་བསྔལ་	སྡུག་བསྔལ་	NOUN
སྡིག་པ་	སྡིག་པ་	VERB
འི་	གི་	PART
དག་བྱེད་	དག་བྱེད་	OTHER
དུ་	ལ་	PART
"།
།"		PUNCT
མཐོང་	མཐོང་	VERB
ན་	ནས་	PART
རྐྱེན་ངན་	རྐྱེན་ངན་	NOUN
ལམ་	གམ་	PART
དུ་	ལ་	PART
ལོངས་པ་	ལོངས་པ་	VERB
ར་	ལ་	PART
ཤོག་	ཤོག་	VERB
།		PUNCT
ལྟས་ངན་	ལྟས་ངན་	NOUN
ཕྱྭ་		NON_WORD
གཡང་	གཡང་	NOUN
འགུག་པ་	འགུག་པ་	NON_WORD
འི་	གི་	PART
རྐྱེན་	རྐྱེན་	NOUN
དུ་	ལ་	PART
མཐོང་	མཐོང་	VERB
། །		PUNCT
འདྲེ་གདོན་	འདྲེ་གདོན་	NOUN
དངོས་གྲུབ་	དངོས་གྲུབ་	NOUN
རྩོལ་བ་	རྩོལ་བ་	VERB
འི་	གི་	PART
གྲོག་	གྲོག་	NOUN
སུ་	ལ་	PART
ཤ་	ཤ་	VERB
། །		PUNCT
འཁོར་	འཁོར་	NOUN
ངན་	ངན་	VERB
ལོག་སྒྲུབ་	ལོག་སྒྲུབ་	NOUN
རྟོགས་པ་	རྟོགས་པ་	VERB
འི་	གི་	PART
བོགས་	བོགས་	NOUN
འདོན་	འདོན་	VERB
དུ་	ལ་	PART
"།
།"		PUNCT
ཤེ་	ཤེ་	VERB
ན་	ནས་	PART
རྐྱེན་ངན་	རྐྱེན་ངན་	NOUN
ལམ་	གམ་	PART
དུ་	ལ་	PART
ལོངས་པ་	ལོངས་པ་	VERB
ར་	ལ་	PART
ཤོག་	ཤོག་	VERB
།		PUNCT
བླང་དོར་	བླང་དོར་	NOUN
ཤེས་པ་	ཤེས་པ་	VERB
ས་	གིས་	PART
བསགས་སྦྱང་	བསགས་སྦྱང་	NO_POS
གནད་	གནད་	NOUN
དུ་	ལ་	PART
ཁེལ་	ཁེལ་	NO_POS
། །		PUNCT
བསྲུང་	བསྲུང་	NO_POS
མ་	མ་	PART
མཉེས་པ་	མཉེས་པ་	VERB
ས་	གིས་	PART
བར་ཆད་	བར་ཆད་	NOUN
བདུད་	བདུད་	NOUN
ལ་	ལ་	ADP
ས་	གིས་	PART
རྒྱལ་	རྒྱལ་	VERB
། །		PUNCT
ཐབས་	ཐབས་	NOUN
ལ་	ལ་	PART
མཁས་པ་	མཁས་པ་	VERB
ས་	གིས་	PART
བགེགས་	བགེགས་	NOUN
རིགས་	རིགས་	NOUN
གྲོག་	གྲོག་	NOUN
སུ་	ལ་	PART
ཤ་	ཤ་	VERB
"།
།"		PUNCT
རྣམ་	རྣམ་	NOUN
བཞི་	བཞི་	NUM
འི་	གི་	PART
སྦྱོར་བ་	སྦྱོར་བ་	VERB
ཉམས་	ཉམས་	NOUN
སུ་	ལ་	PART
ལོན་པ་	ལོན་པ་	VERB
ར་	ལ་	PART
ཤོག་	ཤོག་	VERB
།		PUNCT
ཤིན་ཏུ་	ཤིན་ཏུ་	NO_POS
སྤྲོ་བ་	སྤྲོ་བ་	VERB
ས་	གིས་	PART
འཕེན་པ་	འཕེན་པ་	VERB
འི་	གི་	PART
གོ་བགོ་	གོ་བགོ་	NO_POS
ས་	གིས་	PART
ན་	ནས་	PART
། །		PUNCT
བདག་	བདག་	PRON
འཛིན་	འཛིན་	VERB
འདུལ་བ་	འདུལ་བ་	VERB
འི་	གི་	PART
ཆོ་	ཆོ་	NOUN
ལ་	ལ་	PART
བློ་	བློ་	NOUN
སྦྱངས་	སྦྱངས་	VERB
ཤིང་	ཅིང་	PART
། །		PUNCT
རྣམ་དཀར་	རྣམ་དཀར་	ADJ
ཐབས་	ཐབས་	NOUN
དང་	དང་	NO_POS
སྨོན་པ་	སྨོན་པ་	VERB
འི་	གི་	PART
གྲོག་	གྲོག་	NOUN
དང་	དང་	NO_POS
བཅའ་	བཅའ་	VERB
"།
།"		PUNCT
ཚེ་	ཚེ་	NOUN
དང་	དང་	NO_POS
དམ་པ་	དམ་པ་	VERB
འི་	གི་	PART
ཆོས་སྤྱོད་	ཆོས་སྤྱོད་	NOUN
སྙོམ་པ་	སྙོམ་པ་	NO_POS
ར་	ལ་	PART
ཤོག་	ཤོག་	VERB
།		PUNCT
རྟག་	རྟག་	VERB
ཏུ་	ལ་	PART
བླ་མ་	བླ་མ་	NOUN
དྲན་པ་	དྲན་པ་	VERB
འི་	གི་	PART
མོས་གུས་	མོས་གུས་	NOUN
དང་	དང་	NO_POS
། །		PUNCT
བདེན་	བདེན་	VERB
གཉིས་	གཉིས་	NUM
བྱང་ཆུབ་	བྱང་ཆུབ་	NOUN
སེམས་	སེམས་	NOUN
ལ་	ལ་	PART
ལེགས་	ལེགས་	VERB
གོམས་པ་	གོམས་པ་	VERB
ས་	གིས་	PART
། །		PUNCT
ཟབ་	ཟབ་	VERB
ཡངས་	ཡངས་	VERB
ཆོ་	ཆོ་	NOUN
འདི་	འདི་	DET
འི་	གི་	PART
ངང་	ངང་	NOUN
ལས་མ་	ལས་མ་	NO_POS
གཡོས་པ་	གཡོས་པ་	VERB
ར་	ལ་	PART
"།
།"		PUNCT
འཆི་བ་	འཆི་བ་	VERB
འི་	གི་	PART
བསོད་ནམས་	བསོད་ནམས་	NOUN
བདག་	བདག་	PRON
ལ་	ལ་	PART
ཡོད་པ་	ཡོད་པ་	VERB
ར་	ལ་	PART
ཤོག་	ཤོག་	VERB
།		PUNCT
མི་	མི་	PART
དང་	དང་	NO_POS
མི་མིན་	མི་མིན་	OTHER
འབྱུང་པོ་	འབྱུང་པོ་	NOUN
ས་	གིས་	PART
གཙེས་པ་	གཙེས་པ་	VERB
དང་	དང་	NO_POS
། །		PUNCT
འབྱུང་འཁྲུགས་	འབྱུང་འཁྲུགས་	OTHER
ལུས་	ལུས་	NOUN
ཀྱི་	གི་	PART
ཟུག་རྔུ་	ཟུག་རྔུ་	NOUN
ལངས་པ་	ལངས་པ་	VERB
དང་	དང་	NO_POS
། །		PUNCT
ཤུགས་དྲག་	ཤུགས་དྲག་	NO_POS
ཉོན་མོངས་	ཉོན་མོངས་	NOUN
སྐྱེས་པ་	སྐྱེས་པ་	VERB
འི་	གི་	PART
དུས་	དུས་	NOUN
སུ་	ལ་	PART
ཡང་	ཀྱང་	PART
"།
།"		PUNCT
བྱང་ཆུབ་	བྱང་ཆུབ་	NOUN
སེམས་	སེམས་	NOUN
མཆོག་	མཆོག་	ADJ
ཉམས་པ་	ཉམས་པ་	VERB
མེད་པ་	མེད་པ་	VERB
ར་	ལ་	PART
ཤོག་	ཤོག་	VERB
།		PUNCT
འཁྲུལ་སྣང་	འཁྲུལ་སྣང་	OTHER
བར་དོ་	བར་དོ་	NOUN
འི་	གི་	PART
འཇིགས་སྐྲག་	འཇིགས་སྐྲག་	NOUN
ཤར་བ་	ཤར་བ་	VERB
དང་	དང་	NO_POS
། །		PUNCT
མ་	མ་	PART
ཡི་	གི་	PART
མངལ་	མངལ་	NOUN
དང་	དང་	NO_POS
ཚེ་རབས་	ཚེ་རབས་	NOUN
གཞན་	གཞན་	DET
དུ་	ལ་	PART
ཡང་	ཀྱང་	PART
། །		PUNCT
ཆོ་	ཆོ་	NOUN
ཀྱི་	གི་	PART
སྙིང་པོ་	སྙིང་པོ་	NOUN
སེམས་	སེམས་	NOUN
མཆོག་	མཆོག་	ADJ
རིན་པོ་ཆེ་	རིན་པོ་ཆེ་	ADJ
"།
།"		PUNCT
སྐད་ཅིག་	སྐད་ཅིག་	OTHER
ཙམ་	ཙམ་	DET
ཡང་	ཀྱང་	PART
བརྗེད་པ་	བརྗེད་པ་	VERB
ར་	ལ་	PART
མ་	མ་	PART
གྱུར་ཅིག་	གྱུར་ཅིག་	NO_POS
།		PUNCT
འཁོར་	འཁོར་	NOUN
གྱི་	གི་	PART
དབུ་	དབུ་	NOUN
སུ་	ལ་	PART
ཡང་དག་	ཡང་དག་	ADJ
ལམ་བཟང་	ལམ་བཟང་	OTHER
འདི་	འདི་	DET
། །		PUNCT
སྒྲོགས་པ་	སྒྲོགས་པ་	VERB
འི་	གི་	PART
རྒྱལ་	རྒྱལ་	VERB
དང་	དང་	NO_POS
དེ་	སྟེ་	PART
སྲ་	སྲ་	NOUN
དགེ་བ་	དགེ་བ་	VERB
འི་	གི་	PART
བཤེས་	བཤེས་	VERB
། །		PUNCT
ཚེ་རབས་	ཚེ་རབས་	NOUN
ཀུན་	ཀུན་	DET
ཏུ་	ལ་	PART
བླ་མ་	བླ་མ་	NOUN
ར་	ལ་	PART
བསྟེན་	བསྟེན་	VERB
ན་	ནས་	PART
ནི་	ནི་	NO_POS
"།
།"		PUNCT
ཆོ་	ཆོ་	NOUN
འདི་	འདི་	DET
འཛིན་	འཛིན་	VERB
ཅིང་	ཅིང་	PART
གཞན་	གཞན་	DET
ལ་	ལ་	PART
ཕན་པ་	ཕན་པ་	VERB
ར་	ལ་	PART
ཤོག་	ཤོག་	VERB
།		PUNCT
བདག་	བདག་	PRON
འཛིན་	འཛིན་	VERB
ཐུལ་བ་	ཐུལ་བ་	VERB
ས་	གིས་	PART
ཅི་	ཅི་	NO_POS
བྱ་	བྱ་	VERB
ཆོ་	ཆོ་	NOUN
སུ་	ལ་	PART
སོང་	སོང་	VERB
། །		PUNCT
རེ་དོགས་	རེ་དོགས་	NOUN
ཟད་པ་	ཟད་པ་	VERB
ས་	གིས་	PART
གང་	གང་	NO_POS
བྱུང་	བྱུང་	VERB
གྲོག་	གྲོག་	NOUN
སུ་	ལ་	PART
ཤ་	ཤ་	VERB
། །		PUNCT
ལྷག་བསམ་	ལྷག་བསམ་	NOUN
འབྱོངས་པ་	འབྱོངས་པ་	VERB
ས་	གིས་	PART
གཞན་	གཞན་	DET
ཕྱི་	ཕྱི་	OTHER
རང་ཉིད་	རང་ཉིད་	OTHER
ཀྱིས་	གིས་	PART
"།
།"		PUNCT
སྡུག་བསྔལ་	སྡུག་བསྔལ་	NOUN
མྱོང་	མྱོང་	VERB
ཡང་	ཀྱང་	PART
རབ་དགའ་	རབ་དགའ་	PROPN
འཕེལ་བ་	འཕེལ་བ་	VERB
ར་	ལ་	PART
ཤོག་	ཤོག་	VERB
།		PUNCT
ལྟ་བ་	ལྟ་བ་	VERB
འཛིན་པ་	འཛིན་པ་	VERB
འི་	གི་	PART
དུག་	དུག་	NOUN
གིས་	གིས་	PART
མ་	མ་	PART
སྦགས་	སྦགས་	NO_POS
ཤིང་	ཅིང་	PART
། །		PUNCT
སྙིང་རྗེ་	སྙིང་རྗེ་	NOUN
ཕྱོགས་རིས་	ཕྱོགས་རིས་	NOUN
ཞེན་པ་	ཞེན་པ་	VERB
ས་	གིས་	PART
མ་	མ་	PART
བཅིངས་པ་	བཅིངས་པ་	VERB
ས་	གིས་	PART
། །		PUNCT
བདེན་	བདེན་	VERB
གཉིས་	གཉིས་	NUM
ཟུང་འཇུག་	ཟུང་འཇུག་	NOUN
སེམས་	སེམས་	NOUN
མཆོག་	མཆོག་	ADJ
རིན་པོ་ཆེ་	རིན་པོ་ཆེ་	ADJ
ས་	གིས་	PART
"།
།"		PUNCT
སྲིད་	སྲིད་	NOUN
དང་	དང་	NO_POS
ཞི་བ་	ཞི་བ་	VERB
འི་	གི་	PART
རྒུད་པ་	རྒུད་པ་	VERB
སེལ་བ་	སེལ་བ་	VERB
ར་	ལ་	PART
ཤོག་	ཤོག་	VERB
།		PUNCT
ལུས་ངག་	ལུས་ངག་	NOUN
སྤྱོད་པ་	སྤྱོད་པ་	VERB
ཐ་མལ་	ཐ་མལ་	ADJ
འདུག་	འདུག་	VERB
ན་	ལ་	PART
ཡང་	ཀྱང་	PART
། །		PUNCT
བསམ་པ་	བསམ་པ་	VERB
བྱང་ཆུབ་	བྱང་ཆུབ་	NOUN
སེམས་	སེམས་	NOUN
དང་	དང་	NO_POS
མི་	མི་	PART
འབྲལ་	འབྲལ་	NO_POS
ཞིང་	ཅིང་	PART
། །		PUNCT
ཀུན་སྤྱོད་	ཀུན་སྤྱོད་	NOUN
བཅོས་པ་	བཅོས་པ་	VERB
འི་	གི་	PART
དགེ་བ་	དགེ་བ་	VERB
མ་	མ་	PART
བྱ་	བྱ་	VERB
ཀྱང་	ཀྱང་	PART
"།
།"		PUNCT
ཀུན་སློང་	ཀུན་སློང་	NO_POS
དབང་	དབང་	NOUN
གིས་	གིས་	PART
ཚོགས་ཆེན་	ཚོགས་ཆེན་	OTHER
རྫོགས་པ་	རྫོགས་པ་	VERB
ར་	ལ་	PART
ཤོག་	ཤོག་	VERB
།		PUNCT
ལུས་སྲོག་	ལུས་སྲོག་	NOUN
ལོངས་སྤྱོད་	ལོངས་སྤྱོད་	NOUN
དུས་གསུམ་	དུས་གསུམ་	OTHER
དགེ་བ་	དགེ་བ་	VERB
འི་	གི་	PART
ཚོགས་	ཚོགས་	NOUN
། །		PUNCT
འགྲོ་བ་	འགྲོ་བ་	VERB
འི་	གི་	PART
དོན་	དོན་	NOUN
དུ་	ལ་	PART
ཉིན་	ཉིན་	NOUN
བཞིན་	བཞིན་	NOUN
བསྔོ་	བསྔོ་	VERB
ན་	ལ་	PART
ཡང་	ཀྱང་	PART
། །		PUNCT
		
རང་	རང་	PRON
		
བདེ་	བདེ་	VERB
དོན་གཉེར་	དོན་གཉེར་	NOUN
ལན་	ལན་	NOUN
ལ་	ལ་	PART
རེ་བ་	རེ་བ་	VERB
འི་	གི་	PART
བློ་	བློ་	NOUN
"།
།"		PUNCT
སྐད་ཅིག་	སྐད་ཅིག་	OTHER
ཙམ་	ཙམ་	DET
ཡང་	ཀྱང་	PART
སྐྱེ་བ་	སྐྱེ་བ་	VERB
ར་	ལ་	PART
མ་	མ་	PART
གྱུར་ཅིག་	གྱུར་ཅིག་	NO_POS
།		PUNCT
ཕམ་ཁ་	ཕམ་ཁ་	NO_POS
བླངས་	བླངས་	VERB
ཏེ་	སྟེ་	PART
རྒྱལ་ཁ་	རྒྱལ་ཁ་	OTHER
གཞན་	གཞན་	DET
ལ་	ལ་	PART
འབུལ་	འབུལ་	NO_POS
། །		PUNCT
དམན་	དམན་	VERB
ས་	ས་	ADP
བཟུང་	བཟུང་	NO_POS
ན་	ནས་	PART
འགྲོ་	འགྲོ་	VERB
ཀུན་	ཀུན་	DET
སྤྱི་བོ་	སྤྱི་བོ་	NOUN
ས་	གིས་	PART
བཀུར་	བཀུར་	VERB
། །		PUNCT
གནོད་པ་	གནོད་པ་	VERB
བྱེད་	བྱེད་	VERB
ལ་	ལ་	PART
ལན་	ལན་	NOUN
དུ་	ལ་	PART
ཕན་	ཕན་	NOUN
འདོགས་པ་	འདོགས་པ་	VERB
འི་	གི་	PART
"།
།"		PUNCT
རྒྱལ་སྲས་	རྒྱལ་སྲས་	NOUN
		
རྣམས་	རྣམས་	DET
ཀྱི་	གི་	PART
		
བརྟུལ་ཞུགས་	བརྟུལ་ཞུགས་	NOUN
འཛིན་པ་	འཛིན་པ་	VERB
ར་	ལ་	PART
ཤོག་	ཤོག་	VERB
།		PUNCT
བླ་མ་	བླ་མ་	NOUN
ར་	ལ་	PART
གུ་	གུ་	VERB
ཤིང་	ཅིང་	PART
ཅི་	ཅི་	NO_POS
གསུང་	གསུང་	VERB
དང་	དང་	NO_POS
དུ་	ལ་	PART
ལེན་	ལེན་	VERB
། །		PUNCT
སྣ་ཚོགས་	སྣ་ཚོགས་	DET
ཆོ་	ཆོ་	NOUN
ཀུན་	ཀུན་	DET
ཉམས་ལེན་	ཉམས་ལེན་	NOUN
གཅིག་	གཅིག་	NUM
ལ་	ལ་	PART
དྲིལ་	དྲིལ་	VERB
། །		PUNCT
རེ་དོགས་	རེ་དོགས་	NOUN
སྤངས་	སྤངས་	VERB
ཏེ་	སྟེ་	PART
རྟག་	རྟག་	VERB
ཏུ་	ལ་	PART
གཞན་དོན་	གཞན་དོན་	NOUN
ལ་	ལ་	PART
"།
།"		PUNCT
བརྩོན་པ་	བརྩོན་པ་	VERB
འི་	གི་	PART
གོ་ཆ་	གོ་ཆ་	NOUN
བདག་	བདག་	PRON
གིས་	གིས་	PART
བགོ་བ་	བགོ་བ་	NOUN
ར་	ལ་	PART
ཤོག་	ཤོག་	VERB
།		PUNCT
གཞན་	གཞན་	DET
		
ལ་	ལ་	PART
གནོད་	གནོད་	VERB
ན་	ལ་	PART
		
ཐར་པ་	ཐར་པ་	VERB
འི་	གི་	PART
བདེ་བ་	བདེ་བ་	VERB
ཡང་	ཀྱང་	PART
། །		PUNCT
བཞི་མདོ་	བཞི་མདོ་	NOUN
འི་	གི་	PART
རྩྭ་	རྩྭ་	NOUN
བཞིན་	བཞིན་	NOUN
ཡལ་བ་	ཡལ་བ་	VERB
ར་	ལ་	PART
བོ་	བོ་	VERB
ན་	ནས་	PART
ནི་	ནི་	NO_POS
། །		PUNCT
གཞན་	གཞན་	DET
ལ་	ལ་	PART
ཕན་	ཕན་	NOUN
ན་	ལ་	PART
ངན་འགྲོ་	ངན་འགྲོ་	NOUN
འི་	གི་	PART
གཡང་ས་	གཡང་ས་	NO_POS
ལ་	ལ་	PART
"།
།"		PUNCT
སྐྱེ་	སྐྱེ་	NOUN
ཚལ་	ཚལ་	NOUN
བཞིན་	བཞིན་	NOUN
དུ་	ལ་	PART
དགའ་བ་	དགའ་བ་	VERB
ས་	གིས་	PART
འཇུག་པ་	འཇུག་པ་	VERB
ར་	ལ་	PART
ཤོག་	ཤོག་	VERB
།		PUNCT
རྣམ་	རྣམ་	NOUN
གསུམ་	གསུམ་	NUM
བསླབ་པ་	བསླབ་པ་	VERB
མིག་	མིག་	NOUN
གི་	གི་	PART
འབྲས་	འབྲས་	NOUN
བཞིན་	བཞིན་	NOUN
བསྲུང་	བསྲུང་	NO_POS
། །		PUNCT
སྒོ་	སྒོ་	NOUN
		
གསུམ་	གསུམ་	NUM
བྱ་	བྱ་	VERB
		
བ་	པ་	PART
ཆོ་	ཆོ་	NOUN
དང་	དང་	NO_POS
མི་	མི་	PART
འབྲལ་	འབྲལ་	NO_POS
ཞིང་	ཅིང་	PART
། །		PUNCT
དུས་གསུམ་	དུས་གསུམ་	OTHER
བསགས་པ་	བསགས་པ་	VERB
འི་	གི་	PART
དགེ་བ་	དགེ་བ་	VERB
འི་	གི་	PART
དངོས་པོ་	དངོས་པོ་	NOUN
རྣམས་	རྣམས་	DET
"།
།"		PUNCT
འཁོར་གསུམ་	འཁོར་གསུམ་	NO_POS
ཡོངས་	ཡོངས་	DET
དག་	དག་	DET
བསྔོ་བ་	བསྔོ་བ་	VERB
ས་	གིས་	PART
ཟིན་པ་	ཟིན་པ་	VERB
ར་	ལ་	PART
ཤོག་	ཤོག་	VERB
།		PUNCT
གཏིང་མཐའ་	གཏིང་མཐའ་	NOUN
མི་	མི་	PART
མངོན་	མངོན་	VERB
རྒྱ་	རྒྱ་	NOUN
ཆེན་	ཆེན་	NO_POS
སྤྱོད་པ་	སྤྱོད་པ་	VERB
འི་	གི་	PART
མཚོ་	མཚོ་	NOUN
། །		PUNCT
དགེ་ལེགས་	དགེ་ལེགས་	OTHER
ཡོན་ཏན་	ཡོན་ཏན་	NOUN
རིན་ཆེན་	རིན་ཆེན་	OTHER
བྱེ་བ་	བྱེ་བ་	NOUN
འི་	གི་	PART
གཏེར་	གཏེར་	NOUN
། །		PUNCT
		
		
		
དབང་	དབང་	NOUN
ཚོགས་	ཚོགས་	NOUN
ཀྱི་	གི་	PART
བསྟི་གནས་	བསྟི་གནས་	OTHER
དེ་	དེ་	DET
ར་	ལ་	PART
"།
།"		PUNCT
བདག་	བདག་	PRON
ཀྱང་	ཀྱང་	PART
དགའ་བ་	དགའ་བ་	VERB
འི་	གི་	PART
ཡིད་	ཡིད་	NOUN
ཀྱིས་	གིས་	PART
འཇུག་པ་	འཇུག་པ་	VERB
ར་	ལ་	PART
ཤོག་	ཤོག་	VERB
།		PUNCT
སྣ་ཚོགས་	སྣ་ཚོགས་	DET
སྡུག་བསྔལ་	སྡུག་བསྔལ་	NOUN
ཁུ་	ཁུ་	NOUN
གྱིས་	གིས་	PART
ནོན་པ་	ནོན་པ་	VERB
ལ་	ལ་	PART
། །		PUNCT
བགྲང་	བགྲང་	VERB
ཡ་		
ཐབས་མཁས་	ཐབས་མཁས་	NO_POS
གཉེན་པོ་	གཉེན་པོ་	NOUN
འི་	གི་	PART
ཁྱད་པར་	ཁྱད་པར་	NOUN
གྱིས་	གིས་	PART
། །		PUNCT
མ་	མ་	PART
ལུས་	ལུས་	NOUN
འགྲོ་བ་	འགྲོ་བ་	VERB
འི་	གི་	PART
ཕན་བདེ་	ཕན་བདེ་	OTHER
སྤེལ་	སྤེལ་	VERB
བྱེད་	བྱེད་	VERB
		
ཅིང་	ཅིང་	PART
		
"།
།"		PUNCT
ཏིང་འཛིན་	ཏིང་འཛིན་	NOUN
མཐུ་ཆེན་	མཐུ་ཆེན་	PROPN
བདག་	བདག་	PRON
གིས་	གིས་	PART
ཐོབ་པ་	ཐོབ་པ་	VERB
ར་	ལ་	PART
ཤོག་	ཤོག་	VERB
།		PUNCT
དགོངས་	དགོངས་	VERB
སྤྱོད་	སྤྱོད་	VERB
རྒྱ་མཚོ་	རྒྱ་མཚོ་	NOUN
དཔག་	དཔག་	VERB
གིས་	གིས་	PART
མི་	མི་	PART
ལངས་པ་	ལངས་པ་	VERB
ས་	གིས་	PART
། །		PUNCT
རྒྱལ་བ་	རྒྱལ་བ་	NOUN
རྒྱ་མཚོ་	རྒྱ་མཚོ་	NOUN
འི་	གི་	PART
ཡོན་ཏན་	ཡོན་ཏན་	NOUN
ཆུ་བོ་	ཆུ་བོ་	NOUN
འི་	གི་	PART
གཏེར་	གཏེར་	NOUN
། །		PUNCT
བདག་	བདག་	PRON
བློ་རྒྱ་	བློ་རྒྱ་	NOUN
མཚོ་	མཚོ་	NOUN
འི་	གི་	PART
སྣོད་	སྣོད་	NOUN
དུ་	ལ་	PART
ལེགས་	ལེགས་	VERB
བསྡུ་	བསྡུ་	VERB
ན་	ནས་	PART
"།
།"		PUNCT
ཕྲིན་ལས་	ཕྲིན་ལས་	NOUN
རྒྱ་མཚོ་	རྒྱ་མཚོ་	NOUN
རོ་	རོ་	NOUN
གཅིག་	གཅིག་	NUM
འགྱུར་བ་	འགྱུར་བ་	VERB
ཤོག་	ཤོག་	VERB
།		PUNCT
ཅེས་	ཅེས་	PART
ཐེག་ཆེན་	ཐེག་ཆེན་	NOUN
ཐུན་མོང་	ཐུན་མོང་	ADJ
མ་ཡིན་པ་	མ་ཡིན་པ་	OTHER
འི་	གི་	PART
བློ་སྦྱོང་	བློ་སྦྱོང་	OTHER
གི་	གི་	PART
ཚིག་	ཚིག་	NOUN
རྣམས་	རྣམས་	DET
སྨོན་ཚིག་	སྨོན་ཚིག་	OTHER
ཏུ་	ལ་	PART
བྲིས་པ་	བྲིས་པ་	VERB
འདི་	འདི་	DET
ནི་	ནི་	NO_POS
ཆོ་	ཆོ་	NOUN
འདི་	འདི་	DET
ལ་	ལ་	PART
སྙིང་	སྙིང་	NOUN
ན་	ནས་	PART
མོས་པ་	མོས་པ་	VERB
བློ་གྲོས་	བློ་གྲོས་	NOUN
གཞན་ཕན་	གཞན་ཕན་	OTHER
ཟླ་བ་	ཟླ་བ་	NOUN
ས་	གིས་	PART
བྲིས་པ་	བྲིས་པ་	VERB
དགེ་	དགེ་	NOUN
ཞིང་	ཅིང་	PART
བཀྲ་ཤིས་པ་	བཀྲ་ཤིས་པ་	NOUN
ར་	ལ་	PART
གྱུར་ཅིག་	གྱུར་ཅིག་	NO_POS
།		PUNCT
